owner_id,owner_name,region,share_type,tenure_years,days_until_renewal,utilization_rate_12m,complaints_12m,days_since_last_flight,avg_satisfaction_score,churn_prob,risk_band,churned_within_12m
PL-0213,Steven Sanchez,West_Coast,1/16,1.4,584,0.206,3,116,3.32,0.9992,CRITICAL,1
PL-0242,Andrew Robinson,Midwest,1/32,1.4,587,0.257,1,50,3.53,0.9973,CRITICAL,1
PL-0289,Jessica Gonzalez,Northeast,1/32,0.6,857,0.219,0,56,2.73,0.9963,CRITICAL,1
PL-0119,Elizabeth Walker,Mid-Atlantic,1/32,2.3,270,0.196,1,28,3.65,0.996,CRITICAL,1
PL-0150,William Hill,Northeast,1/32,0.8,818,0.145,1,12,3.18,0.9954,CRITICAL,1
PL-0290,Kenneth Hill,Northeast,1/8,0.7,848,0.193,1,14,3.3,0.9951,CRITICAL,1
PL-0253,Jessica Martinez,Midwest,1/16,1.8,427,0.147,1,22,3.8,0.9949,CRITICAL,1
PL-0303,Patricia Anderson,Mid-Atlantic,1/32,0.5,912,0.208,1,10,2.7,0.994,CRITICAL,1
PL-0206,Karen Lee,Midwest,1/32,1.0,712,0.272,2,35,3.28,0.9934,CRITICAL,1
PL-0103,Joseph Anderson,Mid-Atlantic,1/32,3.2,1005,0.398,3,15,3.83,0.9931,CRITICAL,1
PL-0255,Richard Robinson,Northeast,1/32,0.6,894,0.106,0,75,3.35,0.9928,CRITICAL,1
PL-0191,Helen Wilson,Midwest,1/16,0.7,848,0.096,0,8,3.8,0.9914,CRITICAL,1
PL-0173,Jessica Moore,West_Coast,1/16,4.5,561,0.243,0,11,2.9,0.9907,CRITICAL,1
PL-0008,Susan Williams,West_Coast,1/32,0.6,871,0.245,1,50,4.2,0.9902,CRITICAL,1
PL-0116,Nancy Lewis,West_Coast,1/32,5.2,304,0.297,1,26,2.7,0.9888,CRITICAL,1
PL-0296,William Rodriguez,Midwest,1/32,0.6,858,0.23,1,112,3.6,0.9883,CRITICAL,1
PL-0155,Anthony Robinson,West_Coast,1/32,0.7,829,0.241,0,22,3.6,0.9842,CRITICAL,1
PL-0112,Karen Flores,Northeast,1/8,0.6,881,0.216,2,5,3.4,0.983,CRITICAL,1
PL-0174,Linda White,Midwest,1/32,0.5,897,0.206,0,55,3.8,0.9788,CRITICAL,1
PL-0293,Ronald Allen,Mid-Atlantic,1/16,0.6,883,0.271,3,16,3.18,0.9772,CRITICAL,1
PL-0126,Kenneth Allen,Mid-Atlantic,1/4,0.6,895,0.185,0,8,3.8,0.9767,CRITICAL,1
PL-0349,Barbara Sanchez,Northeast,1/8,1.8,441,0.174,1,4,3.7,0.9763,CRITICAL,1
PL-0147,Sarah Jones,Mid-Atlantic,1/8,0.5,911,0.146,0,23,1.3,0.9697,CRITICAL,1
PL-0140,Ruth Johnson,Midwest,1/32,3.2,1021,0.339,0,86,3.77,0.9672,CRITICAL,1
PL-0274,Barbara Smith,Northeast,1/16,6.2,1032,0.447,2,14,3.5,0.9591,CRITICAL,1
PL-0282,William Miller,Northeast,1/32,5.8,58,0.502,3,6,3.58,0.9445,CRITICAL,1
PL-0324,Donna Anderson,West_Coast,1/16,3.0,19,0.307,0,57,4.0,0.9325,CRITICAL,1
PL-0120,Richard Ramirez,Northeast,1/16,0.7,830,0.471,4,14,2.6,0.9242,CRITICAL,1
PL-0283,Linda Martin,Southeast,1/32,1.7,462,0.328,1,14,2.3,0.816,CRITICAL,0
PL-0003,Sharon Brown,Mid-Atlantic,1/32,1.4,569,0.392,1,71,3.35,0.7897,CRITICAL,0
PL-0058,George Anderson,Midwest,1/16,2.5,174,0.334,1,9,3.55,0.632,HIGH,0
PL-0044,Mark Hill,Northeast,1/32,1.2,638,0.344,2,16,3.5,0.5694,HIGH,1
PL-0056,Patricia Thompson,Midwest,1/8,0.5,915,0.249,1,4,3.3,0.548,HIGH,0
PL-0270,George Moore,Northeast,1/16,2.2,296,0.297,0,30,4.5,0.4929,HIGH,0
PL-0169,Sarah White,Southeast,1/8,0.5,901,0.198,0,4,3.75,0.4719,HIGH,0
PL-0002,William Wright,West_Coast,1/32,3.0,7,0.346,1,7,2.67,0.4591,HIGH,1
PL-0230,Donna Lewis,Mid-Atlantic,1/32,3.3,992,0.462,1,27,2.65,0.4296,HIGH,0
PL-0231,Steven Walker,Northeast,1/16,2.1,320,0.389,2,19,2.5,0.3081,MEDIUM,0
PL-0347,Donna Walker,West_Coast,1/16,4.5,539,0.335,2,8,3.52,0.3015,MEDIUM,0
PL-0336,Linda King,West_Coast,1/16,3.4,958,0.547,5,6,2.44,0.2966,MEDIUM,1
PL-0109,Sarah Garcia,Southeast,1/16,0.5,911,0.242,0,15,3.53,0.2416,MEDIUM,0
PL-0317,Lisa Nguyen,Southeast,1/32,1.1,703,0.456,3,15,3.22,0.2163,MEDIUM,0
PL-0020,Elizabeth Clark,Mid-Atlantic,1/16,0.5,900,0.24,0,22,3.8,0.201,MEDIUM,0
PL-0143,John Wright,Mid-Atlantic,1/32,0.6,894,0.249,0,22,3.97,0.195,MEDIUM,0
PL-0185,Jennifer Perez,Northeast,1/32,0.8,787,0.501,2,13,2.15,0.1479,LOW,0
PL-0298,Elizabeth Allen,West_Coast,1/32,0.7,840,0.293,1,10,3.77,0.1257,LOW,1
PL-0151,Sarah Martin,Northeast,1/32,0.5,901,0.268,0,18,3.3,0.122,LOW,0
PL-0145,William Allen,Southeast,1/32,3.2,1021,0.46,0,21,3.9,0.1196,LOW,0
PL-0171,Edward Moore,Southeast,1/32,1.0,721,0.251,0,47,4.0,0.1108,LOW,0
PL-0228,Kenneth Thompson,Northeast,1/8,0.7,849,0.422,2,12,2.3,0.1099,LOW,0
PL-0338,William Martin,West_Coast,1/32,2.3,243,0.401,0,36,3.74,0.1013,LOW,0
PL-0233,William Brown,Northeast,1/32,3.0,1087,0.608,3,8,3.5,0.0989,LOW,0
PL-0132,Kenneth Garcia,West_Coast,1/32,3.9,755,0.47,1,28,3.83,0.0959,LOW,0
PL-0304,Laura Taylor,Mid-Atlantic,1/32,12.2,1011,0.625,2,6,3.44,0.0908,LOW,0
PL-0030,Thomas Thomas,Northeast,1/32,1.5,537,0.423,2,20,3.65,0.0882,LOW,0
PL-0057,Susan Flores,Mid-Atlantic,1/32,0.6,857,0.339,1,7,2.8,0.0867,LOW,0
PL-0294,Anthony Thomas,Midwest,1/16,0.6,887,0.273,0,13,3.9,0.0734,LOW,0
PL-0161,Michelle Allen,Northeast,1/32,0.5,909,0.346,1,20,2.8,0.0705,LOW,0
PL-0345,Patricia Taylor,Northeast,1/4,0.7,846,0.204,0,5,3.7,0.0705,LOW,0
PL-0337,Laura Lopez,Southeast,1/16,0.5,910,0.37,2,4,2.58,0.0698,LOW,0
PL-0335,Richard Smith,West_Coast,1/16,0.6,883,0.287,0,5,3.2,0.0618,LOW,0
PL-0095,Charles Taylor,Mid-Atlantic,1/32,1.0,721,0.328,2,40,4.4,0.0559,LOW,0
PL-0330,Michael Scott,Mid-Atlantic,1/16,1.1,688,0.298,0,10,4.3,0.0529,LOW,0
PL-0261,Richard Hill,West_Coast,1/32,7.4,577,0.501,1,10,2.6,0.049,LOW,0
PL-0313,George White,Northeast,1/32,3.8,791,0.633,2,20,2.0,0.042,LOW,0
PL-0237,John Anderson,Mid-Atlantic,1/8,1.0,711,0.683,3,4,1.7,0.0387,LOW,0
PL-0007,Ruth Nguyen,Northeast,1/32,1.6,498,0.748,4,23,2.46,0.0379,LOW,0
PL-0036,Susan Smith,Southeast,1/32,3.5,919,0.999,1,17,3.03,0.0364,LOW,0
PL-0286,Laura Sanchez,Mid-Atlantic,1/16,1.2,649,0.444,3,13,3.88,0.0339,LOW,0
PL-0276,George Torres,Mid-Atlantic,1/16,0.8,811,0.263,0,14,3.8,0.033,LOW,0
PL-0087,William Lewis,Midwest,1/32,1.5,545,0.379,0,10,3.63,0.0311,LOW,0
PL-0211,Edward White,Mid-Atlantic,1/16,6.5,928,0.817,3,10,2.9,0.03,LOW,0
PL-0128,Robert Robinson,Southeast,1/8,3.1,1054,0.82,3,7,2.67,0.0279,LOW,0
PL-0068,Anthony Sanchez,Northeast,1/32,5.3,270,0.524,0,45,4.55,0.0274,LOW,0
PL-0092,Andrew Jones,Mid-Atlantic,1/16,5.1,331,0.658,2,6,3.02,0.0264,LOW,0
PL-0225,Mark Lewis,West_Coast,1/32,4.2,655,0.442,0,6,3.68,0.0255,LOW,0
PL-0176,Brian Lewis,Northeast,1/32,0.6,871,0.337,0,18,3.73,0.0247,LOW,0
PL-0018,Helen Young,West_Coast,1/16,1.5,554,0.646,3,13,2.85,0.0241,LOW,0
PL-0025,Karen Walker,Mid-Atlantic,1/32,4.4,572,0.711,0,27,3.23,0.0225,LOW,0
PL-0102,Helen Flores,Northeast,1/32,1.2,650,0.936,3,8,2.9,0.0222,LOW,0
PL-0284,Kevin Lee,Northeast,1/8,0.6,889,0.388,2,4,2.9,0.022,LOW,0
PL-0219,Michelle Martinez,Northeast,1/8,2.8,57,0.458,1,7,3.03,0.0211,LOW,0
PL-0301,Thomas Johnson,Southeast,1/32,5.1,341,0.479,0,19,3.3,0.0206,LOW,0
PL-0101,Ronald Johnson,Mid-Atlantic,1/32,0.6,872,0.321,0,53,3.8,0.0205,LOW,0
PL-0190,Scott Moore,Northeast,1/16,3.4,954,0.424,1,10,3.8,0.0205,LOW,0
PL-0312,Ronald Scott,Mid-Atlantic,1/32,3.4,931,1.067,1,19,3.9,0.0195,LOW,0
PL-0346,Patricia Lee,Southeast,1/4,3.5,915,0.693,2,4,3.85,0.0185,LOW,0
PL-0306,Sarah Allen,Northeast,1/32,1.3,619,0.783,2,12,2.88,0.0164,LOW,0
PL-0001,Andrew Martinez,Southeast,1/8,0.6,868,0.289,1,10,2.55,0.016,LOW,0
PL-0250,Nancy Moore,Northeast,1/32,1.5,548,0.524,0,45,3.8,0.0159,LOW,0
PL-0144,Scott Taylor,Northeast,1/32,1.0,717,0.499,2,24,3.8,0.0153,LOW,0
PL-0072,Charles Scott,West_Coast,1/8,0.7,831,0.406,2,6,2.5,0.015,LOW,0
PL-0067,Edward Perez,Southeast,1/16,6.0,1,0.798,2,6,3.35,0.0143,LOW,0
PL-0029,Scott Brown,Midwest,1/16,2.3,252,0.864,3,4,2.7,0.0141,LOW,0
PL-0153,Karen Miller,Northeast,1/16,2.4,200,0.83,2,9,2.67,0.0134,LOW,0
PL-0272,Ruth Thompson,Mid-Atlantic,1/16,0.6,879,0.396,1,9,3.8,0.0126,LOW,0
PL-0046,Steven Flores,Northeast,1/8,2.6,153,0.645,4,11,3.38,0.0119,LOW,0
PL-0085,Linda Moore,Midwest,1/16,3.1,1056,0.768,1,6,3.25,0.0118,LOW,0
PL-0163,George Johnson,Southeast,1/16,4.8,443,0.467,1,11,2.6,0.0118,LOW,0
PL-0136,David Nguyen,Midwest,1/32,2.6,153,0.547,1,16,3.21,0.0116,LOW,0
PL-0309,Patricia Moore,Northeast,1/8,3.3,971,0.736,2,6,3.17,0.0115,LOW,0
PL-0139,Robert Allen,Mid-Atlantic,1/16,2.3,259,0.448,0,4,3.7,0.0111,LOW,0
PL-0334,Jennifer Thomas,Northeast,1/8,3.1,1066,0.691,2,4,3.75,0.011,LOW,0
PL-0243,George Hernandez,Mid-Atlantic,1/16,4.2,673,0.857,3,7,2.95,0.011,LOW,0
PL-0099,Andrew Garcia,Midwest,1/16,0.8,820,0.474,1,68,3.8,0.0109,LOW,0
PL-0217,Laura Young,West_Coast,1/32,3.3,986,0.627,0,22,3.8,0.01,LOW,0
PL-0125,Edward Hernandez,Mid-Atlantic,1/8,3.7,844,0.718,2,7,2.53,0.0099,LOW,0
PL-0259,William White,Mid-Atlantic,1/16,2.0,368,0.662,2,6,2.3,0.0097,LOW,0
PL-0249,Donna Davis,Northeast,1/16,1.8,446,0.5,0,34,3.0,0.0096,LOW,0
PL-0091,Brian Davis,Northeast,1/8,3.1,1043,0.461,0,4,3.8,0.0095,LOW,0
PL-0251,Steven Taylor,West_Coast,1/8,4.2,656,0.865,2,12,1.9,0.0093,LOW,0
PL-0325,Sharon Rodriguez,West_Coast,1/32,0.8,785,0.382,0,110,3.45,0.0092,LOW,0
PL-0210,Brian Garcia,Mid-Atlantic,1/16,0.8,820,0.276,0,29,3.55,0.0091,LOW,0
PL-0263,Charles Williams,Mid-Atlantic,1/16,0.6,883,0.333,0,12,4.4,0.0089,LOW,0
PL-0045,James Torres,Mid-Atlantic,1/32,1.5,547,0.722,1,8,3.46,0.0089,LOW,0
PL-0248,Anthony Flores,Mid-Atlantic,1/32,2.8,74,0.619,1,20,2.55,0.0089,LOW,0
PL-0340,Ronald Lopez,Northeast,1/8,1.2,664,0.459,4,13,3.58,0.0087,LOW,0
PL-0115,Lisa Martin,Midwest,1/32,3.4,953,1.149,0,9,3.15,0.0086,LOW,0
PL-0291,Brian Martin,West_Coast,1/8,0.8,819,0.46,2,6,3.55,0.0081,LOW,0
PL-0090,Carol Gonzalez,Mid-Atlantic,1/16,2.3,241,0.5,1,13,3.83,0.0078,LOW,0
PL-0288,Robert Sanchez,Southeast,1/32,1.7,470,0.753,0,30,3.85,0.0078,LOW,0
PL-0004,Robert Garcia,West_Coast,1/8,2.6,144,0.76,2,6,2.53,0.0077,LOW,0
PL-0320,Brian Allen,Northeast,1/32,3.4,937,0.727,1,20,3.03,0.0076,LOW,0
PL-0256,Susan Lewis,West_Coast,1/8,2.8,75,0.366,0,17,3.13,0.0075,LOW,0
PL-0060,Kevin Taylor,West_Coast,1/32,2.4,201,0.673,1,4,3.03,0.0074,LOW,0
PL-0080,Helen Allen,Southeast,1/16,1.1,701,0.673,3,17,3.38,0.0074,LOW,0
PL-0049,Kevin Davis,Northeast,1/32,0.8,796,0.37,0,24,4.15,0.0069,LOW,0
PL-0234,Mark White,West_Coast,1/16,0.8,821,0.315,1,30,3.05,0.0068,LOW,0
PL-0069,Patricia Hernandez,West_Coast,1/32,3.6,879,1.045,2,18,3.66,0.0066,LOW,0
PL-0205,James Wright,Southeast,1/8,2.0,360,0.448,1,4,3.25,0.0066,LOW,0
PL-0114,Sarah Brown,Northeast,1/32,2.0,354,0.841,2,11,3.1,0.0065,LOW,0
PL-0344,Nancy Wilson,Southeast,1/8,2.7,106,0.648,2,8,3.7,0.0065,LOW,0
PL-0254,George Taylor,Southeast,1/16,1.2,677,0.384,1,22,2.2,0.0064,LOW,0
PL-0113,Helen Thomas,Midwest,1/32,1.8,448,0.772,1,4,3.8,0.0064,LOW,0
PL-0105,Karen Rodriguez,West_Coast,1/8,2.0,366,0.328,0,4,4.15,0.0063,LOW,0
PL-0328,Ronald Miller,Northeast,1/32,0.9,773,0.777,2,6,2.55,0.0061,LOW,0
PL-0267,Scott Scott,Northeast,1/4,3.9,755,0.771,2,4,4.0,0.006,LOW,0
PL-0159,William Nguyen,Northeast,1/4,8.6,165,0.442,0,8,3.97,0.006,LOW,0
PL-0197,Jessica Miller,West_Coast,1/32,4.7,475,1.002,1,15,3.65,0.0059,LOW,0
PL-0220,Brian Brown,Northeast,1/32,0.8,791,0.365,0,15,4.1,0.0059,LOW,0
PL-0138,Scott Martinez,Northeast,1/32,0.8,805,0.456,1,13,3.2,0.0059,LOW,0
PL-0201,Lisa Rodriguez,Northeast,1/8,2.8,79,0.451,1,20,3.8,0.0058,LOW,0
PL-0204,Kenneth Taylor,West_Coast,1/16,5.3,256,0.67,2,7,4.13,0.0058,LOW,0
PL-0026,Michael Martin,Southeast,1/8,0.7,830,0.429,1,4,3.27,0.0057,LOW,0
PL-0308,Andrew White,Northeast,1/32,4.2,677,0.772,1,9,3.8,0.0056,LOW,0
PL-0187,Ruth Gonzalez,Northeast,1/8,1.3,630,0.424,2,14,3.75,0.0055,LOW,0
PL-0054,Charles Wright,Northeast,1/8,1.7,471,0.329,0,7,4.15,0.0055,LOW,0
PL-0235,Laura Williams,Southeast,1/16,3.4,957,0.706,2,12,3.23,0.0054,LOW,0
PL-0327,James Thomas,Southeast,1/16,0.7,850,0.405,1,9,3.3,0.0054,LOW,0
PL-0048,Sarah Thompson,Southeast,1/32,4.4,589,0.873,1,15,2.9,0.005,LOW,0
PL-0016,Lisa Thomas,Northeast,1/4,4.4,568,0.806,2,4,3.6,0.0049,LOW,0
PL-0135,John Martin,Midwest,1/16,1.4,566,0.585,2,35,3.4,0.0048,LOW,0
PL-0134,George Nguyen,West_Coast,1/32,0.8,783,0.475,0,8,4.4,0.0046,LOW,0
PL-0223,Linda Lopez,Mid-Atlantic,1/4,2.0,372,0.469,0,4,3.55,0.0046,LOW,0
PL-0280,Elizabeth Hernandez,Midwest,1/16,3.0,13,0.717,1,7,4.0,0.0045,LOW,0
PL-0177,Nancy Young,Northeast,1/8,1.2,647,0.749,3,6,3.42,0.0045,LOW,0
PL-0244,William Williams,Southeast,1/16,3.5,928,0.957,1,8,1.9,0.0045,LOW,0
PL-0310,Kenneth Hernandez,West_Coast,1/32,2.0,351,0.615,0,44,3.1,0.0044,LOW,0
PL-0141,David Johnson,West_Coast,1/4,1.8,437,0.825,2,4,2.95,0.0043,LOW,0
PL-0158,Karen Harris,Northeast,1/16,5.1,316,0.851,1,10,2.95,0.004,LOW,0
PL-0052,Sarah Walker,Southeast,1/16,1.4,582,0.526,1,6,3.2,0.004,LOW,0
PL-0269,Donna Garcia,Southeast,1/16,4.1,692,0.615,2,18,1.2,0.0039,LOW,0
PL-0107,Karen Brown,Northeast,1/16,3.3,978,0.798,1,18,3.7,0.0038,LOW,0
PL-0162,Steven Anderson,Northeast,1/4,3.4,945,0.553,1,4,3.95,0.0036,LOW,0
PL-0326,Laura Walker,Northeast,1/8,1.6,527,0.693,2,5,2.83,0.0036,LOW,0
PL-0229,Edward Garcia,Northeast,1/16,2.4,223,0.557,1,4,1.8,0.0036,LOW,0
PL-0129,James Taylor,Northeast,1/16,6.6,889,0.661,1,5,3.8,0.0036,LOW,0
PL-0329,Karen Sanchez,Midwest,1/16,5.0,369,0.659,0,4,3.8,0.0035,LOW,0
PL-0096,George Young,Southeast,1/32,1.6,528,0.602,2,22,3.16,0.0034,LOW,0
PL-0127,Michelle Thomas,Northeast,1/16,1.7,459,0.501,1,14,4.05,0.0034,LOW,0
PL-0094,Joseph Martinez,Mid-Atlantic,1/8,3.9,760,0.893,2,7,3.44,0.0034,LOW,0
PL-0343,Karen Scott,Northeast,1/16,2.2,273,0.773,0,10,4.5,0.0034,LOW,0
PL-0246,Richard Clark,West_Coast,1/16,2.2,292,0.745,2,17,2.45,0.0034,LOW,0
PL-0166,Andrew Davis,Midwest,1/16,3.8,804,0.505,0,9,4.1,0.0034,LOW,0
PL-0167,Andrew Perez,West_Coast,1/32,2.0,351,0.993,2,8,3.3,0.0033,LOW,0
PL-0023,Mark Thompson,Northeast,1/16,0.9,758,0.723,1,27,3.55,0.0031,LOW,0
PL-0005,William Thomas,Northeast,1/16,6.8,816,0.57,1,8,4.16,0.0031,LOW,0
PL-0064,Laura Flores,West_Coast,1/32,1.1,694,0.794,0,7,3.55,0.003,LOW,0
PL-0258,Linda Hill,Southeast,1/16,4.2,663,0.895,1,5,3.42,0.0029,LOW,0
PL-0022,William Scott,Northeast,1/8,5.4,212,0.668,0,5,2.65,0.0029,LOW,0
PL-0172,Richard Brown,West_Coast,1/4,0.7,838,0.464,1,8,4.2,0.0029,LOW,0
PL-0168,Linda Smith,Southeast,1/32,3.9,774,0.822,1,18,3.57,0.0028,LOW,0
PL-0278,Carol Martinez,Midwest,1/8,4.3,631,0.559,0,4,4.3,0.0027,LOW,0
PL-0117,Karen Thompson,Mid-Atlantic,1/16,0.7,833,0.442,0,12,4.3,0.0027,LOW,0
PL-0157,Nancy Robinson,Southeast,1/8,2.0,380,0.726,1,4,2.85,0.0027,LOW,0
PL-0124,Thomas Smith,Southeast,1/8,3.0,1,0.792,1,4,3.9,0.0027,LOW,0
PL-0295,Jennifer Walker,West_Coast,1/8,5.4,232,0.405,1,4,2.95,0.0026,LOW,0
PL-0238,Anthony Harris,Northeast,1/8,1.7,484,0.533,1,4,3.46,0.0026,LOW,0
PL-0331,Michelle King,Midwest,1/8,4.2,670,0.742,1,4,3.53,0.0026,LOW,0
PL-0110,William Taylor,Midwest,1/16,1.4,588,0.766,2,6,2.75,0.0026,LOW,0
PL-0019,Nancy Hill,Northeast,1/16,4.9,405,0.937,1,9,1.7,0.0024,LOW,0
PL-0098,Mark Clark,Mid-Atlantic,1/8,2.6,158,0.714,1,8,2.95,0.0024,LOW,0
PL-0066,Kenneth Gonzalez,Northeast,1/8,0.9,755,0.73,1,7,3.8,0.0024,LOW,0
PL-0200,James Rodriguez,Northeast,1/16,2.0,372,0.704,0,5,4.3,0.0023,LOW,0
PL-0215,Lisa Gonzalez,Mid-Atlantic,1/32,0.6,891,0.352,0,16,3.5,0.0022,LOW,0
PL-0165,Charles Clark,Northeast,1/8,2.9,30,0.986,2,5,3.4,0.0022,LOW,0
PL-0216,Susan Taylor,West_Coast,1/8,7.8,419,0.72,0,4,3.5,0.0022,LOW,0
PL-0319,Nancy Flores,Northeast,1/16,1.6,494,0.634,1,5,3.83,0.0021,LOW,0
PL-0333,Michael Wright,Mid-Atlantic,1/8,0.6,892,0.376,1,6,3.87,0.0021,LOW,0
PL-0264,Robert Hill,Northeast,1/4,2.7,124,0.63,1,4,3.77,0.0021,LOW,0
PL-0081,Jennifer Hill,Southeast,1/16,0.8,807,0.647,1,5,3.75,0.0021,LOW,0
PL-0287,Kevin Lopez,Mid-Atlantic,1/16,2.6,127,0.538,1,9,3.0,0.0021,LOW,0
PL-0097,Patricia Ramirez,Northeast,1/4,3.1,1054,0.817,0,6,4.35,0.0021,LOW,0
PL-0137,Michelle Harris,Northeast,1/8,3.6,891,0.887,1,7,2.94,0.0021,LOW,0
PL-0275,Edward Davis,Northeast,1/32,1.4,604,0.652,1,5,4.2,0.002,LOW,0
PL-0039,Thomas Allen,West_Coast,1/8,1.9,405,0.432,0,6,4.0,0.0019,LOW,0
PL-0183,Carol Anderson,Southeast,1/32,2.7,114,0.994,1,8,3.65,0.0019,LOW,0
PL-0027,Nancy Harris,West_Coast,1/16,1.7,471,0.531,1,9,3.1,0.0019,LOW,0
PL-0100,John Perez,Midwest,1/8,2.3,270,0.586,0,14,4.9,0.0019,LOW,0
PL-0299,Thomas Garcia,Northeast,1/16,0.9,770,0.399,0,10,3.1,0.0018,LOW,0
PL-0222,Joseph Garcia,West_Coast,1/16,1.0,746,0.374,0,35,3.8,0.0018,LOW,0
PL-0050,Anthony Walker,West_Coast,1/16,2.7,105,0.858,2,7,3.43,0.0017,LOW,0
PL-0142,Kenneth Lewis,Northeast,1/16,0.8,808,0.534,1,5,3.5,0.0016,LOW,0
PL-0273,John White,Northeast,1/16,1.0,747,0.691,1,11,3.2,0.0016,LOW,0
PL-0012,Steven Miller,Southeast,1/16,3.2,1034,0.959,0,6,3.8,0.0016,LOW,0
PL-0042,George Brown,Southeast,1/32,1.2,654,0.819,1,25,3.8,0.0016,LOW,0
PL-0322,John Brown,Southeast,1/16,2.3,260,0.499,0,9,3.8,0.0016,LOW,0
PL-0302,Linda Rodriguez,Northeast,1/32,1.5,535,0.769,1,9,1.9,0.0015,LOW,0
PL-0062,Susan Miller,Northeast,1/8,2.4,226,0.612,1,5,4.37,0.0015,LOW,0
PL-0121,Donna Sanchez,Northeast,1/32,0.9,763,0.544,1,38,3.0,0.0015,LOW,0
PL-0070,Charles Nguyen,Northeast,1/16,1.5,532,0.958,2,8,1.9,0.0015,LOW,0
PL-0268,Brian Miller,Mid-Atlantic,1/32,1.1,678,0.459,0,22,4.0,0.0015,LOW,0
PL-0149,Kevin Jackson,Mid-Atlantic,1/8,0.6,876,0.442,0,5,3.25,0.0015,LOW,0
PL-0218,Susan Young,Northeast,1/16,2.2,308,0.527,0,4,3.4,0.0014,LOW,0
PL-0241,Charles Hill,Southeast,1/16,3.6,884,0.626,1,8,3.8,0.0014,LOW,0
PL-0182,Patricia Jones,Northeast,1/4,1.1,687,0.668,0,4,2.55,0.0014,LOW,0
PL-0175,Carol Wilson,West_Coast,1/16,2.3,246,0.707,0,8,2.8,0.0014,LOW,0
PL-0199,Anthony Garcia,Southeast,1/8,2.2,285,0.718,1,4,4.1,0.0014,LOW,0
PL-0202,Helen Ramirez,Midwest,1/16,0.6,877,0.459,0,5,3.8,0.0014,LOW,0
PL-0065,Paul Garcia,Northeast,1/16,2.0,377,0.523,0,15,2.9,0.0013,LOW,0
PL-0341,Sarah Anderson,West_Coast,1/16,5.5,179,1.073,1,5,3.97,0.0013,LOW,0
PL-0164,Scott Lewis,Southeast,1/4,1.5,547,0.593,1,7,3.83,0.0013,LOW,0
PL-0227,Paul Clark,Northeast,1/16,1.5,562,0.707,1,24,3.25,0.0013,LOW,0
PL-0300,Elizabeth Garcia,Northeast,1/8,2.9,52,0.584,1,4,3.83,0.0013,LOW,0
PL-0257,Nancy Anderson,Midwest,1/8,1.8,421,0.614,1,11,1.7,0.0013,LOW,0
PL-0015,Anthony Nguyen,West_Coast,1/4,1.0,712,0.727,2,5,2.4,0.0012,LOW,0
PL-0084,Richard Scott,Southeast,1/16,2.9,21,0.818,0,11,3.87,0.0012,LOW,0
PL-0214,William Wilson,Northeast,1/4,2.0,375,0.533,1,7,4.17,0.0012,LOW,0
PL-0281,Nancy Hernandez,Northeast,1/32,0.7,829,0.45,0,15,3.67,0.0012,LOW,0
PL-0189,Kenneth Moore,Northeast,1/16,4.6,505,0.815,0,6,4.25,0.0012,LOW,0
PL-0260,Ronald Hill,West_Coast,1/32,1.2,669,0.707,0,8,3.2,0.0012,LOW,0
PL-0131,Lisa Wilson,Southeast,1/8,0.8,804,0.539,2,7,3.2,0.0012,LOW,0
PL-0316,Michael Jackson,Southeast,1/16,0.7,854,0.607,0,5,3.7,0.0012,LOW,0
PL-0009,Nancy Clark,West_Coast,1/16,1.0,728,0.899,1,4,3.5,0.0011,LOW,0
PL-0014,Scott Wright,Southeast,1/16,0.6,875,0.417,0,6,3.8,0.0011,LOW,0
PL-0133,Elizabeth Gonzalez,West_Coast,1/32,4.4,571,0.811,0,11,2.8,0.0011,LOW,0
PL-0292,Edward Harris,Mid-Atlantic,1/16,0.8,810,0.502,0,5,3.2,0.0011,LOW,0
PL-0017,Jessica Garcia,Southeast,1/16,0.9,771,0.427,0,10,4.2,0.0011,LOW,0
PL-0088,Karen Lewis,Southeast,1/8,3.0,12,0.725,0,7,3.8,0.0011,LOW,0
PL-0024,Sharon Robinson,Northeast,1/16,1.8,438,0.619,0,4,4.2,0.0011,LOW,0
PL-0063,Linda Perez,Mid-Atlantic,1/8,0.6,883,0.418,0,5,3.8,0.0011,LOW,0
PL-0071,Laura Hill,West_Coast,1/8,3.5,905,0.717,0,5,3.8,0.001,LOW,0
PL-0279,David Torres,Midwest,1/16,0.8,807,0.636,1,4,3.38,0.001,LOW,0
PL-0035,David Lopez,Northeast,1/32,1.2,642,0.861,1,9,2.95,0.001,LOW,0
PL-0348,John Ramirez,Southeast,1/4,0.8,814,0.495,0,9,3.95,0.001,LOW,0
PL-0108,Karen Johnson,Southeast,1/8,2.8,58,0.515,0,6,3.5,0.001,LOW,0
PL-0307,Sharon Taylor,West_Coast,1/32,1.8,451,0.647,1,14,4.05,0.001,LOW,0
PL-0146,Helen Jones,Midwest,1/8,0.6,888,0.361,0,5,3.7,0.001,LOW,0
PL-0262,Barbara Williams,Midwest,1/16,0.7,842,0.356,0,6,3.9,0.001,LOW,0
PL-0212,Robert Perez,Mid-Atlantic,1/4,5.6,145,0.721,0,9,4.6,0.001,LOW,0
PL-0208,John Clark,Midwest,1/16,2.5,169,0.914,1,12,3.39,0.001,LOW,0
PL-0075,Barbara Johnson,Southeast,1/8,2.7,103,0.473,0,7,3.65,0.0009,LOW,0
PL-0154,Scott Jackson,Mid-Atlantic,1/16,1.4,581,0.626,1,7,3.67,0.0009,LOW,0
PL-0111,James Perez,Northeast,1/32,1.5,542,0.817,0,41,3.8,0.0009,LOW,0
PL-0224,Robert Martin,West_Coast,1/4,0.6,858,0.343,0,5,3.4,0.0009,LOW,0
PL-0148,Anthony Young,West_Coast,1/4,1.2,646,0.988,0,4,3.25,0.0009,LOW,0
PL-0178,Patricia Walker,Mid-Atlantic,1/8,1.4,591,0.754,2,11,3.04,0.0009,LOW,0
PL-0179,Nancy Martin,Mid-Atlantic,1/16,0.8,795,0.538,0,13,3.6,0.0009,LOW,0
PL-0093,Edward Jones,Mid-Atlantic,1/8,0.6,891,0.376,0,4,3.65,0.0009,LOW,0
PL-0196,George King,West_Coast,1/16,1.6,497,0.896,2,4,4.05,0.0009,LOW,0
PL-0152,James Walker,Mid-Atlantic,1/16,1.7,469,0.876,2,4,3.7,0.0009,LOW,0
PL-0106,George Martinez,Southeast,1/8,2.6,134,0.949,0,8,3.06,0.0009,LOW,0
PL-0122,Barbara Anderson,Northeast,1/8,1.9,402,0.919,1,7,3.15,0.0009,LOW,0
PL-0198,Charles King,Mid-Atlantic,1/32,1.3,626,0.661,1,16,2.8,0.0008,LOW,0
PL-0195,Sharon Young,Southeast,1/8,1.0,721,0.612,1,18,3.27,0.0008,LOW,0
PL-0207,Kevin King,Southeast,1/4,2.3,246,0.69,0,4,3.9,0.0007,LOW,0
PL-0079,Elizabeth Rodriguez,Mid-Atlantic,1/16,1.1,680,0.706,2,5,2.65,0.0007,LOW,0
PL-0232,Jessica Sanchez,Mid-Atlantic,1/8,1.0,749,0.86,1,4,3.8,0.0007,LOW,0
PL-0028,Anthony Thompson,Southeast,1/4,2.8,83,0.702,0,11,4.5,0.0007,LOW,0
PL-0037,Sarah Jackson,Northeast,1/16,2.9,37,1.064,1,5,3.58,0.0007,LOW,0
PL-0314,Steven Torres,Southeast,1/8,3.9,778,0.746,0,15,4.17,0.0007,LOW,0
PL-0209,Michael Johnson,Northeast,1/32,2.2,274,1.01,0,5,4.2,0.0007,LOW,0
PL-0252,Ronald Thomas,Southeast,1/4,0.6,880,0.488,0,5,4.5,0.0007,LOW,0
PL-0321,Thomas Young,Mid-Atlantic,1/8,0.9,753,0.455,0,12,2.8,0.0007,LOW,0
PL-0006,Michael Torres,West_Coast,1/16,1.8,452,0.498,1,7,3.85,0.0006,LOW,0
PL-0043,Barbara Lewis,Midwest,1/16,2.2,273,0.793,0,9,3.88,0.0006,LOW,0
PL-0170,Kenneth Nguyen,West_Coast,1/16,1.0,725,0.598,0,8,3.7,0.0006,LOW,0
PL-0040,Anthony Scott,Northeast,1/16,1.0,722,0.609,0,4,2.83,0.0006,LOW,0
PL-0074,Helen Rodriguez,West_Coast,1/32,1.5,542,0.897,1,6,4.4,0.0006,LOW,0
PL-0350,Ruth Hernandez,Midwest,1/32,1.0,715,1.009,0,9,3.5,0.0006,LOW,0
PL-0041,George Sanchez,Northeast,1/8,1.5,554,0.709,1,12,3.55,0.0005,LOW,0
PL-0311,Helen Brown,Mid-Atlantic,1/8,1.3,610,0.586,0,4,4.0,0.0005,LOW,0
PL-0315,Mark Garcia,Mid-Atlantic,1/16,2.6,157,1.084,1,6,4.47,0.0005,LOW,0
PL-0053,Helen Johnson,Northeast,1/32,2.2,312,0.805,1,9,3.8,0.0005,LOW,0
PL-0078,Michael Thompson,Midwest,1/32,1.2,663,0.992,1,5,3.54,0.0005,LOW,0
PL-0130,Carol Lee,Northeast,1/16,1.0,723,0.338,0,4,3.65,0.0005,LOW,0
PL-0226,James Garcia,Southeast,1/8,1.5,543,0.89,1,7,3.48,0.0005,LOW,0
PL-0059,Paul Johnson,Northeast,1/8,1.7,470,0.628,0,4,3.2,0.0005,LOW,0
PL-0297,Steven Garcia,Northeast,1/8,1.7,490,0.802,1,4,3.8,0.0005,LOW,0
PL-0194,Robert Ramirez,Mid-Atlantic,1/16,1.5,556,1.062,1,4,2.35,0.0005,LOW,0
PL-0271,Lisa Clark,West_Coast,1/8,1.2,676,0.931,1,10,3.9,0.0005,LOW,0
PL-0247,Jennifer Anderson,West_Coast,1/32,1.1,692,0.685,0,10,3.8,0.0005,LOW,0
PL-0277,Patricia Rodriguez,Northeast,1/8,1.1,703,0.729,0,4,4.03,0.0005,LOW,0
PL-0239,Edward Young,Northeast,1/8,2.1,321,0.812,0,5,3.57,0.0005,LOW,0
PL-0011,Richard Nguyen,Mid-Atlantic,1/16,2.4,233,0.922,0,5,4.7,0.0005,LOW,0
PL-0285,David Flores,West_Coast,1/16,4.9,407,0.833,1,18,3.83,0.0005,LOW,0
PL-0236,Karen Martin,West_Coast,1/8,1.9,394,0.773,0,10,3.43,0.0005,LOW,0
PL-0188,Kenneth Clark,West_Coast,1/8,0.9,777,0.619,1,5,3.22,0.0005,LOW,0
PL-0047,Barbara Flores,Northeast,1/32,1.4,596,0.723,0,26,4.5,0.0005,LOW,0
PL-0086,Elizabeth Lewis,Mid-Atlantic,1/8,1.7,472,0.646,1,4,4.1,0.0005,LOW,0
PL-0203,Richard Jones,Southeast,1/8,2.7,96,0.66,0,15,3.8,0.0005,LOW,0
PL-0061,Ronald Thompson,Northeast,1/16,5.6,144,0.734,0,9,3.6,0.0004,LOW,0
PL-0193,Edward Martin,Midwest,1/8,0.9,757,0.584,0,6,4.15,0.0004,LOW,0
PL-0181,Carol Sanchez,Southeast,1/4,1.8,456,0.81,1,6,3.53,0.0004,LOW,0
PL-0342,Mark Taylor,Northeast,1/16,1.6,516,0.663,0,46,3.8,0.0004,LOW,0
PL-0323,Lisa Miller,Northeast,1/8,1.3,634,0.813,1,4,4.6,0.0004,LOW,0
PL-0089,Elizabeth Thomas,Northeast,1/32,4.1,701,0.876,0,4,3.73,0.0004,LOW,0
PL-0305,Laura Moore,Mid-Atlantic,1/32,0.6,886,0.794,0,17,4.0,0.0004,LOW,0
PL-0318,James Williams,West_Coast,1/4,1.6,516,0.829,1,4,3.8,0.0004,LOW,0
PL-0077,Sarah Wright,West_Coast,1/16,0.7,827,0.632,0,10,3.7,0.0004,LOW,0
PL-0266,Jennifer Flores,West_Coast,1/8,1.2,646,0.447,0,5,2.75,0.0004,LOW,0
PL-0221,Jennifer Sanchez,Midwest,1/4,1.1,695,0.652,1,9,3.6,0.0004,LOW,0
PL-0156,Lisa Garcia,Northeast,1/16,1.2,674,0.72,1,13,2.72,0.0004,LOW,0
PL-0031,Scott Garcia,Southeast,1/16,0.9,778,0.571,0,5,3.4,0.0004,LOW,0
PL-0032,George Scott,West_Coast,1/16,1.6,511,1.074,1,13,4.02,0.0004,LOW,0
PL-0055,David Taylor,West_Coast,1/8,1.4,594,0.85,0,4,3.3,0.0004,LOW,0
PL-0186,Andrew Thomas,Southeast,1/32,1.2,653,1.132,0,5,3.9,0.0003,LOW,0
PL-0245,Sarah Flores,Northeast,1/16,0.7,853,0.632,0,12,3.8,0.0003,LOW,0
PL-0038,Brian Wright,Southeast,1/32,1.1,689,0.772,0,10,2.4,0.0003,LOW,0
PL-0240,Jennifer Smith,Midwest,1/16,1.0,736,0.342,0,6,3.95,0.0003,LOW,0
PL-0184,Ronald Ramirez,Northeast,1/8,0.8,811,0.781,1,4,4.2,0.0003,LOW,0
PL-0013,Ruth Brown,Mid-Atlantic,1/32,1.3,628,0.836,0,9,4.05,0.0003,LOW,0
PL-0332,Jessica Hernandez,West_Coast,1/32,1.7,470,0.505,0,4,4.35,0.0003,LOW,0
PL-0021,Charles Young,Mid-Atlantic,1/16,2.0,365,0.705,0,8,4.07,0.0003,LOW,0
PL-0051,David Martinez,Mid-Atlantic,1/8,1.4,586,0.641,0,13,3.45,0.0003,LOW,0
PL-0033,Edward Scott,Northeast,1/16,1.3,636,1.044,0,8,3.8,0.0002,LOW,0
PL-0265,James Lee,Northeast,1/32,1.2,637,0.961,0,4,4.6,0.0002,LOW,0
PL-0082,Jennifer Martinez,Northeast,1/8,1.4,594,0.557,0,9,3.78,0.0002,LOW,0
PL-0118,Robert Smith,Southeast,1/8,0.9,758,0.594,1,4,3.85,0.0002,LOW,0
PL-0180,George Thomas,Mid-Atlantic,1/16,1.7,474,0.79,1,10,2.97,0.0002,LOW,0
PL-0076,Nancy Allen,Southeast,1/4,1.6,516,0.88,0,4,3.4,0.0002,LOW,0
PL-0083,Carol Brown,Southeast,1/8,1.5,559,0.623,1,12,3.83,0.0002,LOW,0
PL-0123,Thomas Sanchez,Northeast,1/32,0.8,804,0.906,0,16,3.8,0.0002,LOW,0
PL-0192,Jessica Harris,Mid-Atlantic,1/8,1.2,639,0.608,0,5,4.65,0.0002,LOW,0
PL-0339,Donna Smith,Midwest,1/16,0.8,807,0.554,0,5,3.8,0.0002,LOW,0
PL-0010,Ruth Martin,Southeast,1/8,1.6,500,0.779,1,5,3.33,0.0002,LOW,0
PL-0034,Paul Harris,West_Coast,1/8,1.6,526,0.691,0,6,3.36,0.0002,LOW,0
PL-0073,John Smith,Midwest,1/32,1.1,694,0.728,0,15,3.95,0.0002,LOW,0
PL-0104,Sarah Moore,Northeast,1/16,1.4,581,0.724,0,7,2.95,0.0002,LOW,0
PL-0160,Helen Taylor,Northeast,1/4,1.0,750,0.736,0,7,3.8,1e-04,LOW,0
