owner_id,owner_name,region,share_type,upsell_prob,upsell_type,upsell_ready
PL-0271,Lisa Clark,West_Coast,1/8,0.9995,SHARE_UPGRADE,1
PL-0186,Andrew Thomas,Southeast,1/32,0.9993,SHARE_UPGRADE,1
PL-0265,James Lee,Northeast,1/32,0.9991,SHARE_UPGRADE,1
PL-0148,Anthony Young,West_Coast,1/4,0.9991,SHARE_UPGRADE,1
PL-0009,Nancy Clark,West_Coast,1/16,0.9991,COBALTPASS_TO_FRACTIONAL,1
PL-0196,George King,West_Coast,1/16,0.9981,SHARE_UPGRADE,1
PL-0089,Elizabeth Thomas,Northeast,1/32,0.9966,JETFLY_INTRO,1
PL-0232,Jessica Sanchez,Mid-Atlantic,1/8,0.9964,JETFLY_INTRO,1
PL-0032,George Scott,West_Coast,1/16,0.9963,SHARE_UPGRADE,1
PL-0350,Ruth Hernandez,Midwest,1/32,0.996,SHARE_UPGRADE,1
PL-0011,Richard Nguyen,Mid-Atlantic,1/16,0.9955,SHARE_UPGRADE,1
PL-0033,Edward Scott,Northeast,1/16,0.9954,SHARE_UPGRADE,1
PL-0258,Linda Hill,Southeast,1/16,0.995,SHARE_UPGRADE,1
PL-0094,Joseph Martinez,Mid-Atlantic,1/8,0.995,COBALTPASS_TO_FRACTIONAL,1
PL-0315,Mark Garcia,Mid-Atlantic,1/16,0.9948,SHARE_UPGRADE,1
PL-0069,Patricia Hernandez,West_Coast,1/32,0.9946,SHARE_UPGRADE,1
PL-0226,James Garcia,Southeast,1/8,0.9933,COBALTPASS_TO_FRACTIONAL,1
PL-0012,Steven Miller,Southeast,1/16,0.9931,SHARE_UPGRADE,1
PL-0122,Barbara Anderson,Northeast,1/8,0.9916,SHARE_UPGRADE,1
PL-0244,William Williams,Southeast,1/16,0.9907,SHARE_UPGRADE,1
PL-0074,Helen Rodriguez,West_Coast,1/32,0.9897,COBALTPASS_TO_FRACTIONAL,1
PL-0208,John Clark,Midwest,1/16,0.9893,SHARE_UPGRADE,1
PL-0115,Lisa Martin,Midwest,1/32,0.989,SHARE_UPGRADE,1
PL-0123,Thomas Sanchez,Northeast,1/32,0.9887,SHARE_UPGRADE,1
PL-0078,Michael Thompson,Midwest,1/32,0.9883,SHARE_UPGRADE,1
PL-0183,Carol Anderson,Southeast,1/32,0.9876,SHARE_UPGRADE,1
PL-0036,Susan Smith,Southeast,1/32,0.9867,SHARE_UPGRADE,1
PL-0013,Ruth Brown,Mid-Atlantic,1/32,0.9863,COBALTPASS_TO_FRACTIONAL,1
PL-0194,Robert Ramirez,Mid-Atlantic,1/16,0.9841,SHARE_UPGRADE,1
PL-0102,Helen Flores,Northeast,1/32,0.9788,SHARE_UPGRADE,1
PL-0341,Sarah Anderson,West_Coast,1/16,0.9754,SHARE_UPGRADE,1
PL-0158,Karen Harris,Northeast,1/16,0.9736,JETFLY_INTRO,1
PL-0055,David Taylor,West_Coast,1/8,0.9709,SHARE_UPGRADE,1
PL-0106,George Martinez,Southeast,1/8,0.9629,SHARE_UPGRADE,1
PL-0312,Ronald Scott,Mid-Atlantic,1/32,0.955,SHARE_UPGRADE,1
PL-0209,Michael Johnson,Northeast,1/32,0.9511,SHARE_UPGRADE,1
PL-0285,David Flores,West_Coast,1/16,0.9503,SHARE_UPGRADE,1
PL-0167,Andrew Perez,West_Coast,1/32,0.9462,SHARE_UPGRADE,1
PL-0042,George Brown,Southeast,1/32,0.9425,SHARE_UPGRADE,1
PL-0076,Nancy Allen,Southeast,1/4,0.9417,SHARE_UPGRADE,1
PL-0243,George Hernandez,Mid-Atlantic,1/16,0.929,JETFLY_INTRO,1
PL-0184,Ronald Ramirez,Northeast,1/8,0.9245,SHARE_UPGRADE,1
PL-0267,Scott Scott,Northeast,1/4,0.9121,SHARE_UPGRADE,1
PL-0037,Sarah Jackson,Northeast,1/16,0.8739,SHARE_UPGRADE,1
PL-0165,Charles Clark,Northeast,1/8,0.8625,SHARE_UPGRADE,1
PL-0197,Jessica Miller,West_Coast,1/32,0.5531,NONE,0
PL-0137,Michelle Harris,Northeast,1/8,0.437,NONE,0
PL-0141,David Johnson,West_Coast,1/4,0.3898,SHARE_UPGRADE,1
PL-0035,David Lopez,Northeast,1/32,0.2989,NONE,0
PL-0070,Charles Nguyen,Northeast,1/16,0.2866,NONE,0
PL-0111,James Perez,Northeast,1/32,0.2754,NONE,0
PL-0318,James Williams,West_Coast,1/4,0.2469,NONE,0
PL-0152,James Walker,Mid-Atlantic,1/16,0.2381,NONE,0
PL-0323,Lisa Miller,Northeast,1/8,0.2114,JETFLY_INTRO,1
PL-0097,Patricia Ramirez,Northeast,1/4,0.1699,NONE,0
PL-0114,Sarah Brown,Northeast,1/32,0.1562,NONE,0
PL-0048,Sarah Thompson,Southeast,1/32,0.1324,NONE,0
PL-0305,Laura Moore,Mid-Atlantic,1/32,0.1274,NONE,0
PL-0168,Linda Smith,Southeast,1/32,0.1163,NONE,0
PL-0019,Nancy Hill,Northeast,1/16,0.1157,NONE,0
PL-0172,Richard Brown,West_Coast,1/4,0.11,NONE,0
PL-0029,Scott Brown,Midwest,1/16,0.1049,NONE,0
PL-0251,Steven Taylor,West_Coast,1/8,0.0948,NONE,0
PL-0128,Robert Robinson,Southeast,1/8,0.0848,NONE,0
PL-0308,Andrew White,Northeast,1/32,0.0725,NONE,0
PL-0162,Steven Anderson,Northeast,1/4,0.0643,NONE,0
PL-0277,Patricia Rodriguez,Northeast,1/8,0.0636,NONE,0
PL-0297,Steven Garcia,Northeast,1/8,0.0545,NONE,0
PL-0038,Brian Wright,Southeast,1/32,0.053,NONE,0
PL-0124,Thomas Smith,Southeast,1/8,0.0527,NONE,0
PL-0346,Patricia Lee,Southeast,1/4,0.0519,NONE,0
PL-0015,Anthony Nguyen,West_Coast,1/4,0.048,NONE,0
PL-0050,Anthony Walker,West_Coast,1/16,0.0431,NONE,0
PL-0164,Scott Lewis,Southeast,1/4,0.043,NONE,0
PL-0066,Kenneth Gonzalez,Northeast,1/8,0.0405,NONE,0
PL-0160,Helen Taylor,Northeast,1/4,0.0399,NONE,0
PL-0189,Kenneth Moore,Northeast,1/16,0.0388,NONE,0
PL-0084,Richard Scott,Southeast,1/16,0.0386,NONE,0
PL-0252,Ronald Thomas,Southeast,1/4,0.0328,NONE,0
PL-0016,Lisa Thomas,Northeast,1/4,0.0301,NONE,0
PL-0182,Patricia Jones,Northeast,1/4,0.03,NONE,0
PL-0064,Laura Flores,West_Coast,1/32,0.0293,NONE,0
PL-0181,Carol Sanchez,Southeast,1/4,0.0284,NONE,0
PL-0348,John Ramirez,Southeast,1/4,0.0263,NONE,0
PL-0236,Karen Martin,West_Coast,1/8,0.0222,NONE,0
PL-0134,George Nguyen,West_Coast,1/32,0.0219,NONE,0
PL-0131,Lisa Wilson,Southeast,1/8,0.0182,NONE,0
PL-0086,Elizabeth Lewis,Mid-Atlantic,1/8,0.0178,NONE,0
PL-0053,Helen Johnson,Northeast,1/32,0.0175,NONE,0
PL-0062,Susan Miller,Northeast,1/8,0.0173,NONE,0
PL-0240,Jennifer Smith,Midwest,1/16,0.0171,NONE,0
PL-0063,Linda Perez,Mid-Atlantic,1/8,0.0171,NONE,0
PL-0083,Carol Brown,Southeast,1/8,0.0166,NONE,0
PL-0311,Helen Brown,Mid-Atlantic,1/8,0.0165,NONE,0
PL-0314,Steven Torres,Southeast,1/8,0.0161,NONE,0
PL-0117,Karen Thompson,Mid-Atlantic,1/16,0.0161,NONE,0
PL-0260,Ronald Hill,West_Coast,1/32,0.0159,NONE,0
PL-0343,Karen Scott,Northeast,1/16,0.0158,NONE,0
PL-0247,Jennifer Anderson,West_Coast,1/32,0.0155,NONE,0
PL-0237,John Anderson,Mid-Atlantic,1/8,0.0153,NONE,0
PL-0177,Nancy Young,Northeast,1/8,0.0151,NONE,0
PL-0159,William Nguyen,Northeast,1/4,0.0151,NONE,0
PL-0193,Edward Martin,Midwest,1/8,0.015,NONE,0
PL-0214,William Wilson,Northeast,1/4,0.0134,NONE,0
PL-0104,Sarah Moore,Northeast,1/16,0.0129,NONE,0
PL-0309,Patricia Moore,Northeast,1/8,0.0128,NONE,0
PL-0328,Ronald Miller,Northeast,1/32,0.0128,NONE,0
PL-0212,Robert Perez,Mid-Atlantic,1/4,0.0125,NONE,0
PL-0284,Kevin Lee,Northeast,1/8,0.0122,NONE,0
PL-0059,Paul Johnson,Northeast,1/8,0.0115,NONE,0
PL-0071,Laura Hill,West_Coast,1/8,0.0115,NONE,0
PL-0133,Elizabeth Gonzalez,West_Coast,1/32,0.0114,NONE,0
PL-0278,Carol Martinez,Midwest,1/8,0.0108,NONE,0
PL-0339,Donna Smith,Midwest,1/16,0.0106,NONE,0
PL-0017,Jessica Garcia,Southeast,1/16,0.0098,NONE,0
PL-0307,Sharon Taylor,West_Coast,1/32,0.0097,NONE,0
PL-0216,Susan Taylor,West_Coast,1/8,0.0095,NONE,0
PL-0268,Brian Miller,Mid-Atlantic,1/32,0.0094,NONE,0
PL-0204,Kenneth Taylor,West_Coast,1/16,0.0093,NONE,0
PL-0028,Anthony Thompson,Southeast,1/4,0.0092,NONE,0
PL-0073,John Smith,Midwest,1/32,0.0091,NONE,0
PL-0068,Anthony Sanchez,Northeast,1/32,0.0089,NONE,0
PL-0081,Jennifer Hill,Southeast,1/16,0.0089,NONE,0
PL-0192,Jessica Harris,Mid-Atlantic,1/8,0.0088,NONE,0
PL-0280,Elizabeth Hernandez,Midwest,1/16,0.0087,NONE,0
PL-0014,Scott Wright,Southeast,1/16,0.0087,NONE,0
PL-0304,Laura Taylor,Mid-Atlantic,1/32,0.0085,NONE,0
PL-0207,Kevin King,Southeast,1/4,0.0084,NONE,0
PL-0211,Edward White,Mid-Atlantic,1/16,0.0084,NONE,0
PL-0005,William Thomas,Northeast,1/16,0.0083,NONE,0
PL-0306,Sarah Allen,Northeast,1/32,0.0081,JETFLY_INTRO,1
PL-0149,Kevin Jackson,Mid-Atlantic,1/8,0.0081,NONE,0
PL-0180,George Thomas,Mid-Atlantic,1/16,0.0077,NONE,0
PL-0047,Barbara Flores,Northeast,1/32,0.0077,NONE,0
PL-0224,Robert Martin,West_Coast,1/4,0.0076,NONE,0
PL-0113,Helen Thomas,Midwest,1/32,0.0074,NONE,0
PL-0170,Kenneth Nguyen,West_Coast,1/16,0.0072,NONE,0
PL-0275,Edward Davis,Northeast,1/32,0.0072,NONE,0
PL-0202,Helen Ramirez,Midwest,1/16,0.0072,NONE,0
PL-0103,Joseph Anderson,Mid-Atlantic,1/32,0.0071,NONE,0
PL-0144,Scott Taylor,Northeast,1/32,0.007,NONE,0
PL-0178,Patricia Walker,Mid-Atlantic,1/8,0.007,NONE,0
PL-0082,Jennifer Martinez,Northeast,1/8,0.007,NONE,0
PL-0331,Michelle King,Midwest,1/8,0.0069,NONE,0
PL-0286,Laura Sanchez,Mid-Atlantic,1/16,0.0069,NONE,0
PL-0264,Robert Hill,Northeast,1/4,0.0069,NONE,0
PL-0221,Jennifer Sanchez,Midwest,1/4,0.0068,NONE,0
PL-0010,Ruth Martin,Southeast,1/8,0.0067,NONE,0
PL-0118,Robert Smith,Southeast,1/8,0.0067,NONE,0
PL-0145,William Allen,Southeast,1/32,0.0065,NONE,0
PL-0049,Kevin Davis,Northeast,1/32,0.0065,NONE,0
PL-0067,Edward Perez,Southeast,1/16,0.0065,NONE,0
PL-0023,Mark Thompson,Northeast,1/16,0.0064,NONE,0
PL-0288,Robert Sanchez,Southeast,1/32,0.0064,NONE,0
PL-0222,Joseph Garcia,West_Coast,1/16,0.0063,NONE,0
PL-0088,Karen Lewis,Southeast,1/8,0.0062,NONE,0
PL-0330,Michael Scott,Mid-Atlantic,1/16,0.0057,NONE,0
PL-0273,John White,Northeast,1/16,0.0057,NONE,0
PL-0153,Karen Miller,Northeast,1/16,0.0057,NONE,0
PL-0107,Karen Brown,Northeast,1/16,0.0056,NONE,0
PL-0006,Michael Torres,West_Coast,1/16,0.0055,NONE,0
PL-0100,John Perez,Midwest,1/8,0.0054,NONE,0
PL-0220,Brian Brown,Northeast,1/32,0.0054,NONE,0
PL-0199,Anthony Garcia,Southeast,1/8,0.0054,NONE,0
PL-0166,Andrew Davis,Midwest,1/16,0.0053,NONE,0
PL-0132,Kenneth Garcia,West_Coast,1/32,0.0052,NONE,0
PL-0051,David Martinez,Mid-Atlantic,1/8,0.0052,NONE,0
PL-0334,Jennifer Thomas,Northeast,1/8,0.0051,NONE,0
PL-0085,Linda Moore,Midwest,1/16,0.005,NONE,0
PL-0129,James Taylor,Northeast,1/16,0.0048,NONE,0
PL-0143,John Wright,Mid-Atlantic,1/32,0.0048,NONE,0
PL-0241,Charles Hill,Southeast,1/16,0.0047,NONE,0
PL-0008,Susan Williams,West_Coast,1/32,0.0047,NONE,0
PL-0300,Elizabeth Garcia,Northeast,1/8,0.0046,NONE,0
PL-0176,Brian Lewis,Northeast,1/32,0.0045,NONE,0
PL-0045,James Torres,Mid-Atlantic,1/32,0.0045,NONE,0
PL-0043,Barbara Lewis,Midwest,1/16,0.0044,NONE,0
PL-0171,Edward Moore,Southeast,1/32,0.0044,NONE,0
PL-0079,Elizabeth Rodriguez,Mid-Atlantic,1/16,0.0044,NONE,0
PL-0326,Laura Walker,Northeast,1/8,0.0043,NONE,0
PL-0245,Sarah Flores,Northeast,1/16,0.0043,NONE,0
PL-0024,Sharon Robinson,Northeast,1/16,0.0043,NONE,0
PL-0125,Edward Hernandez,Mid-Atlantic,1/8,0.0043,NONE,0
PL-0313,George White,Northeast,1/32,0.0042,NONE,0
PL-0095,Charles Taylor,Mid-Atlantic,1/32,0.0042,NONE,0
PL-0188,Kenneth Clark,West_Coast,1/8,0.0041,NONE,0
PL-0080,Helen Allen,Southeast,1/16,0.0041,NONE,0
PL-0179,Nancy Martin,Mid-Atlantic,1/16,0.0041,NONE,0
PL-0342,Mark Taylor,Northeast,1/16,0.0041,NONE,0
PL-0319,Nancy Flores,Northeast,1/16,0.004,NONE,0
PL-0292,Edward Harris,Mid-Atlantic,1/16,0.0039,NONE,0
PL-0217,Laura Young,West_Coast,1/32,0.0039,NONE,0
PL-0253,Jessica Martinez,Midwest,1/16,0.0039,NONE,0
PL-0225,Mark Lewis,West_Coast,1/32,0.0038,NONE,0
PL-0263,Charles Williams,Mid-Atlantic,1/16,0.0038,NONE,0
PL-0140,Ruth Johnson,Midwest,1/32,0.0037,NONE,0
PL-0223,Linda Lopez,Mid-Atlantic,1/4,0.0037,NONE,0
PL-0154,Scott Jackson,Mid-Atlantic,1/16,0.0037,NONE,0
PL-0142,Kenneth Lewis,Northeast,1/16,0.0036,NONE,0
PL-0203,Richard Jones,Southeast,1/8,0.0036,NONE,0
PL-0294,Anthony Thomas,Midwest,1/16,0.0035,NONE,0
PL-0099,Andrew Garcia,Midwest,1/16,0.0035,NONE,0
PL-0239,Edward Young,Northeast,1/8,0.0035,NONE,0
PL-0329,Karen Sanchez,Midwest,1/16,0.0034,NONE,0
PL-0344,Nancy Wilson,Southeast,1/8,0.0034,NONE,0
PL-0238,Anthony Harris,Northeast,1/8,0.0034,NONE,0
PL-0020,Elizabeth Clark,Mid-Atlantic,1/16,0.0034,NONE,0
PL-0101,Ronald Johnson,Mid-Atlantic,1/32,0.0033,NONE,0
PL-0235,Laura Williams,Southeast,1/16,0.0033,NONE,0
PL-0233,William Brown,Northeast,1/32,0.0033,NONE,0
PL-0340,Ronald Lopez,Northeast,1/8,0.0032,NONE,0
PL-0317,Lisa Nguyen,Southeast,1/32,0.0032,NONE,0
PL-0190,Scott Moore,Northeast,1/16,0.0032,NONE,0
PL-0302,Linda Rodriguez,Northeast,1/32,0.003,NONE,0
PL-0279,David Torres,Midwest,1/16,0.003,NONE,0
PL-0146,Helen Jones,Midwest,1/8,0.003,NONE,0
PL-0127,Michelle Thomas,Northeast,1/16,0.0029,NONE,0
PL-0022,William Scott,Northeast,1/8,0.0029,NONE,0
PL-0333,Michael Wright,Mid-Atlantic,1/8,0.0029,NONE,0
PL-0138,Scott Martinez,Northeast,1/32,0.0029,NONE,0
PL-0316,Michael Jackson,Southeast,1/16,0.0029,NONE,0
PL-0200,James Rodriguez,Northeast,1/16,0.0029,NONE,0
PL-0250,Nancy Moore,Northeast,1/32,0.0029,NONE,0
PL-0191,Helen Wilson,Midwest,1/16,0.0028,NONE,0
PL-0040,Anthony Scott,Northeast,1/16,0.0028,NONE,0
PL-0195,Sharon Young,Southeast,1/8,0.0028,NONE,0
PL-0289,Jessica Gonzalez,Northeast,1/32,0.0028,NONE,0
PL-0130,Carol Lee,Northeast,1/16,0.0027,NONE,0
PL-0075,Barbara Johnson,Southeast,1/8,0.0027,NONE,0
PL-0227,Paul Clark,Northeast,1/16,0.0027,NONE,0
PL-0185,Jennifer Perez,Northeast,1/32,0.0027,NONE,0
PL-0324,Donna Anderson,West_Coast,1/16,0.0026,NONE,0
PL-0135,John Martin,Midwest,1/16,0.0026,NONE,0
PL-0155,Anthony Robinson,West_Coast,1/32,0.0024,NONE,0
PL-0276,George Torres,Mid-Atlantic,1/16,0.0024,NONE,0
PL-0157,Nancy Robinson,Southeast,1/8,0.0024,NONE,0
PL-0021,Charles Young,Mid-Atlantic,1/16,0.0024,NONE,0
PL-0187,Ruth Gonzalez,Northeast,1/8,0.0023,NONE,0
PL-0322,John Brown,Southeast,1/16,0.0022,NONE,0
PL-0121,Donna Sanchez,Northeast,1/32,0.0022,NONE,0
PL-0057,Susan Flores,Mid-Atlantic,1/32,0.0022,NONE,0
PL-0320,Brian Allen,Northeast,1/32,0.0022,NONE,0
PL-0174,Linda White,Midwest,1/32,0.0022,NONE,0
PL-0298,Elizabeth Allen,West_Coast,1/32,0.0021,NONE,0
PL-0105,Karen Rodriguez,West_Coast,1/8,0.0021,NONE,0
PL-0091,Brian Davis,Northeast,1/8,0.0021,NONE,0
PL-0031,Scott Garcia,Southeast,1/16,0.0021,NONE,0
PL-0321,Thomas Young,Mid-Atlantic,1/8,0.0021,NONE,0
PL-0270,George Moore,Northeast,1/16,0.0021,NONE,0
PL-0110,William Taylor,Midwest,1/16,0.0021,NONE,0
PL-0004,Robert Garcia,West_Coast,1/8,0.0021,NONE,0
PL-0054,Charles Wright,Northeast,1/8,0.002,NONE,0
PL-0281,Nancy Hernandez,Northeast,1/32,0.002,NONE,0
PL-0077,Sarah Wright,West_Coast,1/16,0.002,NONE,0
PL-0336,Linda King,West_Coast,1/16,0.002,NONE,0
PL-0215,Lisa Gonzalez,Mid-Atlantic,1/32,0.002,NONE,0
PL-0120,Richard Ramirez,Northeast,1/16,0.002,NONE,0
PL-0206,Karen Lee,Midwest,1/32,0.0019,NONE,0
PL-0156,Lisa Garcia,Northeast,1/16,0.0019,NONE,0
PL-0218,Susan Young,Northeast,1/16,0.0019,NONE,0
PL-0262,Barbara Williams,Midwest,1/16,0.0019,NONE,0
PL-0290,Kenneth Hill,Northeast,1/8,0.0019,NONE,0
PL-0332,Jessica Hernandez,West_Coast,1/32,0.0019,NONE,0
PL-0230,Donna Lewis,Mid-Atlantic,1/32,0.0018,NONE,0
PL-0126,Kenneth Allen,Mid-Atlantic,1/4,0.0018,NONE,0
PL-0090,Carol Gonzalez,Mid-Atlantic,1/16,0.0018,NONE,0
PL-0039,Thomas Allen,West_Coast,1/8,0.0018,NONE,0
PL-0087,William Lewis,Midwest,1/32,0.0018,NONE,0
PL-0173,Jessica Moore,West_Coast,1/16,0.0016,NONE,0
PL-0061,Ronald Thompson,Northeast,1/16,0.0015,NONE,0
PL-0272,Ruth Thompson,Mid-Atlantic,1/16,0.0015,NONE,0
PL-0025,Karen Walker,Mid-Atlantic,1/32,0.0015,NONE,0
PL-0234,Mark White,West_Coast,1/16,0.0015,NONE,0
PL-0210,Brian Garcia,Mid-Atlantic,1/16,0.0014,NONE,0
PL-0007,Ruth Nguyen,Northeast,1/32,0.0014,NONE,0
PL-0098,Mark Clark,Mid-Atlantic,1/8,0.0014,NONE,0
PL-0299,Thomas Garcia,Northeast,1/16,0.0013,NONE,0
PL-0287,Kevin Lopez,Mid-Atlantic,1/16,0.0013,NONE,0
PL-0296,William Rodriguez,Midwest,1/32,0.0013,NONE,0
PL-0325,Sharon Rodriguez,West_Coast,1/32,0.0013,NONE,0
PL-0282,William Miller,Northeast,1/32,0.0012,NONE,0
PL-0093,Edward Jones,Mid-Atlantic,1/8,0.0012,NONE,0
PL-0044,Mark Hill,Northeast,1/32,0.0012,NONE,0
PL-0201,Lisa Rodriguez,Northeast,1/8,0.0012,NONE,0
PL-0274,Barbara Smith,Northeast,1/16,0.0012,NONE,0
PL-0254,George Taylor,Southeast,1/16,0.0012,NONE,0
PL-0228,Kenneth Thompson,Northeast,1/8,0.0012,NONE,0
PL-0139,Robert Allen,Mid-Atlantic,1/16,0.0011,NONE,0
PL-0169,Sarah White,Southeast,1/8,0.0011,NONE,0
PL-0046,Steven Flores,Northeast,1/8,0.0011,NONE,0
PL-0303,Patricia Anderson,Mid-Atlantic,1/32,0.0011,NONE,0
PL-0257,Nancy Anderson,Midwest,1/8,0.0011,NONE,0
PL-0295,Jennifer Walker,West_Coast,1/8,0.0011,NONE,0
PL-0065,Paul Garcia,Northeast,1/16,0.0011,NONE,0
PL-0026,Michael Martin,Southeast,1/8,0.001,NONE,0
PL-0136,David Nguyen,Midwest,1/32,0.001,NONE,0
PL-0161,Michelle Allen,Northeast,1/32,0.001,NONE,0
PL-0266,Jennifer Flores,West_Coast,1/8,0.001,NONE,0
PL-0018,Helen Young,West_Coast,1/16,0.001,NONE,0
PL-0246,Richard Clark,West_Coast,1/16,0.001,NONE,0
PL-0072,Charles Scott,West_Coast,1/8,0.001,NONE,0
PL-0269,Donna Garcia,Southeast,1/16,0.0009,NONE,0
PL-0205,James Wright,Southeast,1/8,0.0009,NONE,0
PL-0052,Sarah Walker,Southeast,1/16,0.0009,NONE,0
PL-0261,Richard Hill,West_Coast,1/32,0.0009,NONE,0
PL-0213,Steven Sanchez,West_Coast,1/16,0.0009,NONE,0
PL-0349,Barbara Sanchez,Northeast,1/8,0.0009,NONE,0
PL-0030,Thomas Thomas,Northeast,1/32,0.0008,NONE,0
PL-0198,Charles King,Mid-Atlantic,1/32,0.0008,NONE,0
PL-0338,William Martin,West_Coast,1/32,0.0008,NONE,0
PL-0256,Susan Lewis,West_Coast,1/8,0.0008,NONE,0
PL-0108,Karen Johnson,Southeast,1/8,0.0008,NONE,0
PL-0003,Sharon Brown,Mid-Atlantic,1/32,0.0008,NONE,0
PL-0255,Richard Robinson,Northeast,1/32,0.0008,NONE,0
PL-0229,Edward Garcia,Northeast,1/16,0.0008,NONE,0
PL-0291,Brian Martin,West_Coast,1/8,0.0008,NONE,0
PL-0248,Anthony Flores,Mid-Atlantic,1/32,0.0008,NONE,0
PL-0242,Andrew Robinson,Midwest,1/32,0.0008,NONE,0
PL-0335,Richard Smith,West_Coast,1/16,0.0007,NONE,0
PL-0092,Andrew Jones,Mid-Atlantic,1/16,0.0007,NONE,0
PL-0163,George Johnson,Southeast,1/16,0.0007,NONE,0
PL-0096,George Young,Southeast,1/32,0.0007,NONE,0
PL-0151,Sarah Martin,Northeast,1/32,0.0007,NONE,0
PL-0041,George Sanchez,Northeast,1/8,0.0007,NONE,0
PL-0347,Donna Walker,West_Coast,1/16,0.0007,NONE,0
PL-0027,Nancy Harris,West_Coast,1/16,0.0007,NONE,0
PL-0116,Nancy Lewis,West_Coast,1/32,0.0007,NONE,0
PL-0150,William Hill,Northeast,1/32,0.0007,NONE,0
PL-0219,Michelle Martinez,Northeast,1/8,0.0006,NONE,0
PL-0327,James Thomas,Southeast,1/16,0.0006,NONE,0
PL-0283,Linda Martin,Southeast,1/32,0.0006,NONE,0
PL-0060,Kevin Taylor,West_Coast,1/32,0.0006,NONE,0
PL-0293,Ronald Allen,Mid-Atlantic,1/16,0.0006,NONE,0
PL-0259,William White,Mid-Atlantic,1/16,0.0006,NONE,0
PL-0301,Thomas Johnson,Southeast,1/32,0.0006,NONE,0
PL-0345,Patricia Taylor,Northeast,1/4,0.0005,NONE,0
PL-0002,William Wright,West_Coast,1/32,0.0005,NONE,0
PL-0034,Paul Harris,West_Coast,1/8,0.0005,NONE,0
PL-0058,George Anderson,Midwest,1/16,0.0005,NONE,0
PL-0249,Donna Davis,Northeast,1/16,0.0005,NONE,0
PL-0109,Sarah Garcia,Southeast,1/16,0.0005,NONE,0
PL-0119,Elizabeth Walker,Mid-Atlantic,1/32,0.0005,NONE,0
PL-0147,Sarah Jones,Mid-Atlantic,1/8,0.0005,NONE,0
PL-0337,Laura Lopez,Southeast,1/16,0.0004,NONE,0
PL-0175,Carol Wilson,West_Coast,1/16,0.0004,NONE,0
PL-0112,Karen Flores,Northeast,1/8,0.0004,NONE,0
PL-0001,Andrew Martinez,Southeast,1/8,0.0004,NONE,0
PL-0310,Kenneth Hernandez,West_Coast,1/32,0.0003,NONE,0
PL-0056,Patricia Thompson,Midwest,1/8,0.0003,NONE,0
PL-0231,Steven Walker,Northeast,1/16,0.0003,NONE,0
